0,1
data/001.Black_footed_Albatross/Black_Footed_Albatross_0001_796111.jpg,0
data/001.Black_footed_Albatross/Black_Footed_Albatross_0002_55.jpg,0
data/001.Black_footed_Albatross/Black_Footed_Albatross_0003_796136.jpg,0
data/001.Black_footed_Albatross/Black_Footed_Albatross_0005_796090.jpg,0
data/001.Black_footed_Albatross/Black_Footed_Albatross_0006_796065.jpg,0
data/001.Black_footed_Albatross/Black_Footed_Albatross_0007_796138.jpg,0
data/001.Black_footed_Albatross/Black_Footed_Albatross_0008_796083.jpg,0
data/001.Black_footed_Albatross/Black_Footed_Albatross_0009_34.jpg,0
data/001.Black_footed_Albatross/Black_Footed_Albatross_0010_796097.jpg,0
data/001.Black_footed_Albatross/Black_Footed_Albatross_0014_89.jpg,0
data/001.Black_footed_Albatross/Black_Footed_Albatross_0016_796067.jpg,0
data/001.Black_footed_Albatross/Black_Footed_Albatross_0017_796098.jpg,0
data/001.Black_footed_Albatross/Black_Footed_Albatross_0019_796104.jpg,0
data/001.Black_footed_Albatross/Black_Footed_Albatross_0023_796059.jpg,0
data/001.Black_footed_Albatross/Black_Footed_Albatross_0024_796089.jpg,0
data/001.Black_footed_Albatross/Black_Footed_Albatross_0025_796057.jpg,0
data/001.Black_footed_Albatross/Black_Footed_Albatross_0026_796095.jpg,0
data/001.Black_footed_Albatross/Black_Footed_Albatross_0031_100.jpg,0
data/001.Black_footed_Albatross/Black_Footed_Albatross_0032_796115.jpg,0
data/001.Black_footed_Albatross/Black_Footed_Albatross_0033_796086.jpg,0
data/001.Black_footed_Albatross/Black_Footed_Albatross_0035_796140.jpg,0
data/001.Black_footed_Albatross/Black_Footed_Albatross_0036_796127.jpg,0
data/001.Black_footed_Albatross/Black_Footed_Albatross_0037_796120.jpg,0
data/001.Black_footed_Albatross/Black_Footed_Albatross_0038_212.jpg,0
data/001.Black_footed_Albatross/Black_Footed_Albatross_0039_796132.jpg,0
data/001.Black_footed_Albatross/Black_Footed_Albatross_0040_796066.jpg,0
data/001.Black_footed_Albatross/Black_Footed_Albatross_0041_796108.jpg,0
data/001.Black_footed_Albatross/Black_Footed_Albatross_0042_796071.jpg,0
data/001.Black_footed_Albatross/Black_Footed_Albatross_0045_796129.jpg,0
data/001.Black_footed_Albatross/Black_Footed_Albatross_0046_18.jpg,0
data/001.Black_footed_Albatross/Black_Footed_Albatross_0047_796064.jpg,0
data/001.Black_footed_Albatross/Black_Footed_Albatross_0049_796063.jpg,0
data/001.Black_footed_Albatross/Black_Footed_Albatross_0050_796125.jpg,0
data/001.Black_footed_Albatross/Black_Footed_Albatross_0051_796103.jpg,0
data/001.Black_footed_Albatross/Black_Footed_Albatross_0053_796109.jpg,0
data/001.Black_footed_Albatross/Black_Footed_Albatross_0056_796078.jpg,0
data/001.Black_footed_Albatross/Black_Footed_Albatross_0057_796106.jpg,0
data/001.Black_footed_Albatross/Black_Footed_Albatross_0058_796074.jpg,0
data/001.Black_footed_Albatross/Black_Footed_Albatross_0060_796076.jpg,0
data/001.Black_footed_Albatross/Black_Footed_Albatross_0061_796082.jpg,0
data/001.Black_footed_Albatross/Black_Footed_Albatross_0063_796141.jpg,0
data/001.Black_footed_Albatross/Black_Footed_Albatross_0064_796101.jpg,0
data/001.Black_footed_Albatross/Black_Footed_Albatross_0065_796068.jpg,0
data/001.Black_footed_Albatross/Black_Footed_Albatross_0067_170.jpg,0
data/001.Black_footed_Albatross/Black_Footed_Albatross_0068_796135.jpg,0
data/001.Black_footed_Albatross/Black_Footed_Albatross_0069_796139.jpg,0
data/001.Black_footed_Albatross/Black_Footed_Albatross_0071_796113.jpg,0
data/001.Black_footed_Albatross/Black_Footed_Albatross_0074_59.jpg,0
data/001.Black_footed_Albatross/Black_Footed_Albatross_0076_417.jpg,0
data/001.Black_footed_Albatross/Black_Footed_Albatross_0077_796114.jpg,0
data/001.Black_footed_Albatross/Black_Footed_Albatross_0078_796126.jpg,0
data/001.Black_footed_Albatross/Black_Footed_Albatross_0079_796122.jpg,0
data/001.Black_footed_Albatross/Black_Footed_Albatross_0080_796096.jpg,0
data/001.Black_footed_Albatross/Black_Footed_Albatross_0081_426.jpg,0
data/001.Black_footed_Albatross/Black_Footed_Albatross_0082_796121.jpg,0
data/001.Black_footed_Albatross/Black_Footed_Albatross_0085_92.jpg,0
data/001.Black_footed_Albatross/Black_Footed_Albatross_0086_796062.jpg,0
data/001.Black_footed_Albatross/Black_Footed_Albatross_0088_796133.jpg,0
data/001.Black_footed_Albatross/Black_Footed_Albatross_0089_796069.jpg,0
data/001.Black_footed_Albatross/Black_Footed_Albatross_0090_796077.jpg,0
data/002.Laysan_Albatross/Laysan_Albatross_0001_545.jpg,1
data/002.Laysan_Albatross/Laysan_Albatross_0002_1027.jpg,1
data/002.Laysan_Albatross/Laysan_Albatross_0003_1033.jpg,1
data/002.Laysan_Albatross/Laysan_Albatross_0004_930.jpg,1
data/002.Laysan_Albatross/Laysan_Albatross_0005_565.jpg,1
data/002.Laysan_Albatross/Laysan_Albatross_0006_702.jpg,1
data/002.Laysan_Albatross/Laysan_Albatross_0012_696.jpg,1
data/002.Laysan_Albatross/Laysan_Albatross_0013_910.jpg,1
data/002.Laysan_Albatross/Laysan_Albatross_0017_614.jpg,1
data/002.Laysan_Albatross/Laysan_Albatross_0018_492.jpg,1
data/002.Laysan_Albatross/Laysan_Albatross_0021_737.jpg,1
data/002.Laysan_Albatross/Laysan_Albatross_0023_1059.jpg,1
data/002.Laysan_Albatross/Laysan_Albatross_0025_571.jpg,1
data/002.Laysan_Albatross/Laysan_Albatross_0028_643.jpg,1
data/002.Laysan_Albatross/Laysan_Albatross_0029_482.jpg,1
data/002.Laysan_Albatross/Laysan_Albatross_0033_658.jpg,1
data/002.Laysan_Albatross/Laysan_Albatross_0034_628.jpg,1
data/002.Laysan_Albatross/Laysan_Albatross_0035_876.jpg,1
data/002.Laysan_Albatross/Laysan_Albatross_0037_699.jpg,1
data/002.Laysan_Albatross/Laysan_Albatross_0039_924.jpg,1
data/002.Laysan_Albatross/Laysan_Albatross_0040_472.jpg,1
data/002.Laysan_Albatross/Laysan_Albatross_0042_801.jpg,1
data/002.Laysan_Albatross/Laysan_Albatross_0044_784.jpg,1
data/002.Laysan_Albatross/Laysan_Albatross_0047_619.jpg,1
data/002.Laysan_Albatross/Laysan_Albatross_0049_918.jpg,1
data/002.Laysan_Albatross/Laysan_Albatross_0050_870.jpg,1
data/002.Laysan_Albatross/Laysan_Albatross_0051_1020.jpg,1
data/002.Laysan_Albatross/Laysan_Albatross_0053_543.jpg,1
data/002.Laysan_Albatross/Laysan_Albatross_0055_570.jpg,1
data/002.Laysan_Albatross/Laysan_Albatross_0056_500.jpg,1
data/002.Laysan_Albatross/Laysan_Albatross_0058_637.jpg,1
data/002.Laysan_Albatross/Laysan_Albatross_0059_488.jpg,1
data/002.Laysan_Albatross/Laysan_Albatross_0060_777.jpg,1
data/002.Laysan_Albatross/Laysan_Albatross_0061_563.jpg,1
data/002.Laysan_Albatross/Laysan_Albatross_0064_674.jpg,1
data/002.Laysan_Albatross/Laysan_Albatross_0065_809.jpg,1
data/002.Laysan_Albatross/Laysan_Albatross_0068_726.jpg,1
data/002.Laysan_Albatross/Laysan_Albatross_0070_788.jpg,1
data/002.Laysan_Albatross/Laysan_Albatross_0071_792.jpg,1
data/002.Laysan_Albatross/Laysan_Albatross_0073_927.jpg,1
data/002.Laysan_Albatross/Laysan_Albatross_0075_668.jpg,1
data/002.Laysan_Albatross/Laysan_Albatross_0076_671.jpg,1
data/002.Laysan_Albatross/Laysan_Albatross_0079_506.jpg,1
data/002.Laysan_Albatross/Laysan_Albatross_0080_821.jpg,1
data/002.Laysan_Albatross/Laysan_Albatross_0081_800.jpg,1
data/002.Laysan_Albatross/Laysan_Albatross_0082_524.jpg,1
data/002.Laysan_Albatross/Laysan_Albatross_0083_756.jpg,1
data/002.Laysan_Albatross/Laysan_Albatross_0085_564.jpg,1
data/002.Laysan_Albatross/Laysan_Albatross_0088_883.jpg,1
data/002.Laysan_Albatross/Laysan_Albatross_0091_602.jpg,1
data/002.Laysan_Albatross/Laysan_Albatross_0092_834.jpg,1
data/002.Laysan_Albatross/Laysan_Albatross_0093_725.jpg,1
data/002.Laysan_Albatross/Laysan_Albatross_0094_1013.jpg,1
data/002.Laysan_Albatross/Laysan_Albatross_0096_673.jpg,1
data/002.Laysan_Albatross/Laysan_Albatross_0098_621.jpg,1
data/002.Laysan_Albatross/Laysan_Albatross_0099_869.jpg,1
data/002.Laysan_Albatross/Laysan_Albatross_0100_735.jpg,1
data/002.Laysan_Albatross/Laysan_Albatross_0102_611.jpg,1
data/002.Laysan_Albatross/Laysan_Albatross_0103_504.jpg,1
data/002.Laysan_Albatross/Laysan_Albatross_0104_630.jpg,1
data/003.Sooty_Albatross/Sooty_Albatross_0001_1071.jpg,2
data/003.Sooty_Albatross/Sooty_Albatross_0002_796395.jpg,2
data/003.Sooty_Albatross/Sooty_Albatross_0003_1078.jpg,2
data/003.Sooty_Albatross/Sooty_Albatross_0004_796366.jpg,2
data/003.Sooty_Albatross/Sooty_Albatross_0005_796342.jpg,2
data/003.Sooty_Albatross/Sooty_Albatross_0006_796390.jpg,2
data/003.Sooty_Albatross/Sooty_Albatross_0007_796372.jpg,2
data/003.Sooty_Albatross/Sooty_Albatross_0010_796355.jpg,2
data/003.Sooty_Albatross/Sooty_Albatross_0013_796402.jpg,2
data/003.Sooty_Albatross/Sooty_Albatross_0014_796373.jpg,2
data/003.Sooty_Albatross/Sooty_Albatross_0016_1075.jpg,2
data/003.Sooty_Albatross/Sooty_Albatross_0017_796349.jpg,2
data/003.Sooty_Albatross/Sooty_Albatross_0019_796391.jpg,2
data/003.Sooty_Albatross/Sooty_Albatross_0020_796359.jpg,2
data/003.Sooty_Albatross/Sooty_Albatross_0021_796339.jpg,2
data/003.Sooty_Albatross/Sooty_Albatross_0022_796398.jpg,2
data/003.Sooty_Albatross/Sooty_Albatross_0023_796401.jpg,2
data/003.Sooty_Albatross/Sooty_Albatross_0024_1161.jpg,2
data/003.Sooty_Albatross/Sooty_Albatross_0025_796361.jpg,2
data/003.Sooty_Albatross/Sooty_Albatross_0029_796357.jpg,2
data/003.Sooty_Albatross/Sooty_Albatross_0030_1122.jpg,2
data/003.Sooty_Albatross/Sooty_Albatross_0031_1066.jpg,2
data/003.Sooty_Albatross/Sooty_Albatross_0032_1149.jpg,2
data/003.Sooty_Albatross/Sooty_Albatross_0033_1128.jpg,2
data/003.Sooty_Albatross/Sooty_Albatross_0034_1154.jpg,2
data/003.Sooty_Albatross/Sooty_Albatross_0036_796387.jpg,2
data/003.Sooty_Albatross/Sooty_Albatross_0038_1065.jpg,2
data/003.Sooty_Albatross/Sooty_Albatross_0040_796375.jpg,2
data/003.Sooty_Albatross/Sooty_Albatross_0041_796364.jpg,2
data/003.Sooty_Albatross/Sooty_Albatross_0042_1210.jpg,2
data/003.Sooty_Albatross/Sooty_Albatross_0043_1076.jpg,2
data/003.Sooty_Albatross/Sooty_Albatross_0044_1105.jpg,2
data/003.Sooty_Albatross/Sooty_Albatross_0045_1162.jpg,2
data/003.Sooty_Albatross/Sooty_Albatross_0046_1211.jpg,2
data/003.Sooty_Albatross/Sooty_Albatross_0048_1130.jpg,2
data/003.Sooty_Albatross/Sooty_Albatross_0049_796350.jpg,2
data/003.Sooty_Albatross/Sooty_Albatross_0050_796351.jpg,2
data/003.Sooty_Albatross/Sooty_Albatross_0051_796374.jpg,2
data/003.Sooty_Albatross/Sooty_Albatross_0054_796347.jpg,2
data/003.Sooty_Albatross/Sooty_Albatross_0055_1160.jpg,2
data/003.Sooty_Albatross/Sooty_Albatross_0057_796354.jpg,2
data/003.Sooty_Albatross/Sooty_Albatross_0058_796360.jpg,2
data/003.Sooty_Albatross/Sooty_Albatross_0063_1101.jpg,2
data/003.Sooty_Albatross/Sooty_Albatross_0064_796343.jpg,2
data/003.Sooty_Albatross/Sooty_Albatross_0065_796367.jpg,2
data/003.Sooty_Albatross/Sooty_Albatross_0066_796382.jpg,2
data/003.Sooty_Albatross/Sooty_Albatross_0067_796376.jpg,2
data/003.Sooty_Albatross/Sooty_Albatross_0068_796353.jpg,2
data/003.Sooty_Albatross/Sooty_Albatross_0069_796358.jpg,2
data/003.Sooty_Albatross/Sooty_Albatross_0070_796346.jpg,2
data/003.Sooty_Albatross/Sooty_Albatross_0071_1116.jpg,2
data/003.Sooty_Albatross/Sooty_Albatross_0072_796371.jpg,2
data/003.Sooty_Albatross/Sooty_Albatross_0073_1171.jpg,2
data/003.Sooty_Albatross/Sooty_Albatross_0074_1221.jpg,2
data/003.Sooty_Albatross/Sooty_Albatross_0075_796352.jpg,2
data/003.Sooty_Albatross/Sooty_Albatross_0076_796365.jpg,2
data/003.Sooty_Albatross/Sooty_Albatross_0077_1080.jpg,2
data/003.Sooty_Albatross/Sooty_Albatross_0079_796389.jpg,2
data/004.Groove_billed_Ani/Groove_Billed_Ani_0002_1670.jpg,3
data/004.Groove_billed_Ani/Groove_Billed_Ani_0004_1528.jpg,3
data/004.Groove_billed_Ani/Groove_Billed_Ani_0005_1750.jpg,3
data/004.Groove_billed_Ani/Groove_Billed_Ani_0006_1763.jpg,3
data/004.Groove_billed_Ani/Groove_Billed_Ani_0007_1615.jpg,3
data/004.Groove_billed_Ani/Groove_Billed_Ani_0009_1522.jpg,3
data/004.Groove_billed_Ani/Groove_Billed_Ani_0010_1704.jpg,3
data/004.Groove_billed_Ani/Groove_Billed_Ani_0012_1784.jpg,3
data/004.Groove_billed_Ani/Groove_Billed_Ani_0014_1755.jpg,3
data/004.Groove_billed_Ani/Groove_Billed_Ani_0015_1653.jpg,3
data/004.Groove_billed_Ani/Groove_Billed_Ani_0017_1561.jpg,3
data/004.Groove_billed_Ani/Groove_Billed_Ani_0018_1613.jpg,3
data/004.Groove_billed_Ani/Groove_Billed_Ani_0019_1585.jpg,3
data/004.Groove_billed_Ani/Groove_Billed_Ani_0023_1485.jpg,3
data/004.Groove_billed_Ani/Groove_Billed_Ani_0027_1754.jpg,3
data/004.Groove_billed_Ani/Groove_Billed_Ani_0029_1620.jpg,3
data/004.Groove_billed_Ani/Groove_Billed_Ani_0031_1588.jpg,3
data/004.Groove_billed_Ani/Groove_Billed_Ani_0032_1776.jpg,3
data/004.Groove_billed_Ani/Groove_Billed_Ani_0033_1494.jpg,3
data/004.Groove_billed_Ani/Groove_Billed_Ani_0035_1591.jpg,3
data/004.Groove_billed_Ani/Groove_Billed_Ani_0036_1604.jpg,3
data/004.Groove_billed_Ani/Groove_Billed_Ani_0037_1560.jpg,3
data/004.Groove_billed_Ani/Groove_Billed_Ani_0040_1715.jpg,3
data/004.Groove_billed_Ani/Groove_Billed_Ani_0044_1731.jpg,3
data/004.Groove_billed_Ani/Groove_Billed_Ani_0046_1663.jpg,3
data/004.Groove_billed_Ani/Groove_Billed_Ani_0047_1706.jpg,3
data/004.Groove_billed_Ani/Groove_Billed_Ani_0051_1650.jpg,3
data/004.Groove_billed_Ani/Groove_Billed_Ani_0053_1672.jpg,3
data/004.Groove_billed_Ani/Groove_Billed_Ani_0055_1501.jpg,3
data/004.Groove_billed_Ani/Groove_Billed_Ani_0056_1493.jpg,3
data/004.Groove_billed_Ani/Groove_Billed_Ani_0058_1751.jpg,3
data/004.Groove_billed_Ani/Groove_Billed_Ani_0059_1480.jpg,3
data/004.Groove_billed_Ani/Groove_Billed_Ani_0060_1505.jpg,3
data/004.Groove_billed_Ani/Groove_Billed_Ani_0061_1510.jpg,3
data/004.Groove_billed_Ani/Groove_Billed_Ani_0062_1767.jpg,3
data/004.Groove_billed_Ani/Groove_Billed_Ani_0065_1502.jpg,3
data/004.Groove_billed_Ani/Groove_Billed_Ani_0068_1538.jpg,3
data/004.Groove_billed_Ani/Groove_Billed_Ani_0069_1546.jpg,3
data/004.Groove_billed_Ani/Groove_Billed_Ani_0071_1559.jpg,3
data/004.Groove_billed_Ani/Groove_Billed_Ani_0072_1696.jpg,3
data/004.Groove_billed_Ani/Groove_Billed_Ani_0074_1730.jpg,3
data/004.Groove_billed_Ani/Groove_Billed_Ani_0075_1617.jpg,3
data/004.Groove_billed_Ani/Groove_Billed_Ani_0076_1661.jpg,3
data/004.Groove_billed_Ani/Groove_Billed_Ani_0077_1724.jpg,3
data/004.Groove_billed_Ani/Groove_Billed_Ani_0078_1780.jpg,3
data/004.Groove_billed_Ani/Groove_Billed_Ani_0080_1549.jpg,3
data/004.Groove_billed_Ani/Groove_Billed_Ani_0082_1697.jpg,3
data/004.Groove_billed_Ani/Groove_Billed_Ani_0085_1612.jpg,3
data/004.Groove_billed_Ani/Groove_Billed_Ani_0087_1765.jpg,3
data/004.Groove_billed_Ani/Groove_Billed_Ani_0088_1678.jpg,3
data/004.Groove_billed_Ani/Groove_Billed_Ani_0090_1567.jpg,3
data/004.Groove_billed_Ani/Groove_Billed_Ani_0091_1728.jpg,3
data/004.Groove_billed_Ani/Groove_Billed_Ani_0092_1516.jpg,3
data/004.Groove_billed_Ani/Groove_Billed_Ani_0094_1540.jpg,3
data/004.Groove_billed_Ani/Groove_Billed_Ani_0100_1646.jpg,3
data/004.Groove_billed_Ani/Groove_Billed_Ani_0101_1700.jpg,3
data/004.Groove_billed_Ani/Groove_Billed_Ani_0105_1562.jpg,3
data/004.Groove_billed_Ani/Groove_Billed_Ani_0107_1590.jpg,3
data/004.Groove_billed_Ani/Groove_Billed_Ani_0108_1639.jpg,3
data/004.Groove_billed_Ani/Groove_Billed_Ani_0109_1592.jpg,3
data/005.Crested_Auklet/Crested_Auklet_0001_794941.jpg,4
data/005.Crested_Auklet/Crested_Auklet_0003_794962.jpg,4
data/005.Crested_Auklet/Crested_Auklet_0005_794922.jpg,4
data/005.Crested_Auklet/Crested_Auklet_0006_1813.jpg,4
data/005.Crested_Auklet/Crested_Auklet_0010_794907.jpg,4
data/005.Crested_Auklet/Crested_Auklet_0011_794927.jpg,4
data/005.Crested_Auklet/Crested_Auklet_0012_794960.jpg,4
data/005.Crested_Auklet/Crested_Auklet_0013_794914.jpg,4
data/005.Crested_Auklet/Crested_Auklet_0018_1817.jpg,4
data/005.Crested_Auklet/Crested_Auklet_0019_794925.jpg,4
data/005.Crested_Auklet/Crested_Auklet_0021_794938.jpg,4
data/005.Crested_Auklet/Crested_Auklet_0028_794951.jpg,4
data/005.Crested_Auklet/Crested_Auklet_0029_1824.jpg,4
data/005.Crested_Auklet/Crested_Auklet_0030_794937.jpg,4
data/005.Crested_Auklet/Crested_Auklet_0032_794931.jpg,4
data/005.Crested_Auklet/Crested_Auklet_0033_794964.jpg,4
data/005.Crested_Auklet/Crested_Auklet_0036_794905.jpg,4
data/005.Crested_Auklet/Crested_Auklet_0039_794944.jpg,4
data/005.Crested_Auklet/Crested_Auklet_0040_794912.jpg,4
data/005.Crested_Auklet/Crested_Auklet_0041_794910.jpg,4
data/005.Crested_Auklet/Crested_Auklet_0042_794902.jpg,4
data/005.Crested_Auklet/Crested_Auklet_0044_1825.jpg,4
data/005.Crested_Auklet/Crested_Auklet_0045_794940.jpg,4
data/005.Crested_Auklet/Crested_Auklet_0047_794918.jpg,4
data/005.Crested_Auklet/Crested_Auklet_0048_1791.jpg,4
data/005.Crested_Auklet/Crested_Auklet_0052_794952.jpg,4
data/005.Crested_Auklet/Crested_Auklet_0053_794966.jpg,4
data/005.Crested_Auklet/Crested_Auklet_0057_794932.jpg,4
data/005.Crested_Auklet/Crested_Auklet_0059_794929.jpg,4
data/005.Crested_Auklet/Crested_Auklet_0061_794904.jpg,4
data/005.Crested_Auklet/Crested_Auklet_0062_794968.jpg,4
data/005.Crested_Auklet/Crested_Auklet_0063_794901.jpg,4
data/005.Crested_Auklet/Crested_Auklet_0066_785251.jpg,4
data/005.Crested_Auklet/Crested_Auklet_0067_785249.jpg,4
data/005.Crested_Auklet/Crested_Auklet_0068_785253.jpg,4
data/005.Crested_Auklet/Crested_Auklet_0069_785258.jpg,4
data/005.Crested_Auklet/Crested_Auklet_0070_785261.jpg,4
data/005.Crested_Auklet/Crested_Auklet_0071_785255.jpg,4
data/005.Crested_Auklet/Crested_Auklet_0072_785260.jpg,4
data/005.Crested_Auklet/Crested_Auklet_0073_785248.jpg,4
data/005.Crested_Auklet/Crested_Auklet_0074_794949.jpg,4
data/005.Crested_Auklet/Crested_Auklet_0075_785259.jpg,4
data/005.Crested_Auklet/Crested_Auklet_0076_785252.jpg,4
data/005.Crested_Auklet/Crested_Auklet_0077_785257.jpg,4
data/006.Least_Auklet/Least_Auklet_0004_795112.jpg,5
data/006.Least_Auklet/Least_Auklet_0005_795119.jpg,5
data/006.Least_Auklet/Least_Auklet_0007_795123.jpg,5
data/006.Least_Auklet/Least_Auklet_0008_795071.jpg,5
data/006.Least_Auklet/Least_Auklet_0010_795092.jpg,5
data/006.Least_Auklet/Least_Auklet_0011_795109.jpg,5
data/006.Least_Auklet/Least_Auklet_0012_795074.jpg,5
data/006.Least_Auklet/Least_Auklet_0014_1901.jpg,5
data/006.Least_Auklet/Least_Auklet_0015_795065.jpg,5
data/006.Least_Auklet/Least_Auklet_0016_1903.jpg,5
data/006.Least_Auklet/Least_Auklet_0017_795084.jpg,5
data/006.Least_Auklet/Least_Auklet_0018_795077.jpg,5
data/006.Least_Auklet/Least_Auklet_0020_795080.jpg,5
data/006.Least_Auklet/Least_Auklet_0021_795127.jpg,5
data/006.Least_Auklet/Least_Auklet_0023_1898.jpg,5
data/006.Least_Auklet/Least_Auklet_0024_795120.jpg,5
data/006.Least_Auklet/Least_Auklet_0025_795087.jpg,5
data/006.Least_Auklet/Least_Auklet_0026_795066.jpg,5
data/006.Least_Auklet/Least_Auklet_0027_795091.jpg,5
data/006.Least_Auklet/Least_Auklet_0028_795094.jpg,5
data/006.Least_Auklet/Least_Auklet_0029_795122.jpg,5
data/006.Least_Auklet/Least_Auklet_0030_795116.jpg,5
data/006.Least_Auklet/Least_Auklet_0032_795068.jpg,5
data/006.Least_Auklet/Least_Auklet_0034_795096.jpg,5
data/006.Least_Auklet/Least_Auklet_0035_1888.jpg,5
data/006.Least_Auklet/Least_Auklet_0038_795132.jpg,5
data/006.Least_Auklet/Least_Auklet_0039_795081.jpg,5
data/006.Least_Auklet/Least_Auklet_0040_795100.jpg,5
data/006.Least_Auklet/Least_Auklet_0041_795107.jpg,5
data/006.Least_Auklet/Least_Auklet_0042_1874.jpg,5
data/006.Least_Auklet/Least_Auklet_0043_795067.jpg,5
data/006.Least_Auklet/Least_Auklet_0045_795069.jpg,5
data/006.Least_Auklet/Least_Auklet_0046_795118.jpg,5
data/006.Least_Auklet/Least_Auklet_0050_1924.jpg,5
data/006.Least_Auklet/Least_Auklet_0052_795088.jpg,5
data/006.Least_Auklet/Least_Auklet_0054_795130.jpg,5
data/006.Least_Auklet/Least_Auklet_0055_795106.jpg,5
data/006.Least_Auklet/Least_Auklet_0057_795126.jpg,5
data/006.Least_Auklet/Least_Auklet_0058_1931.jpg,5
data/006.Least_Auklet/Least_Auklet_0060_795095.jpg,5
data/006.Least_Auklet/Least_Auklet_0063_795134.jpg,5
data/007.Parakeet_Auklet/Parakeet_Auklet_0001_795972.jpg,6
data/007.Parakeet_Auklet/Parakeet_Auklet_0003_795982.jpg,6
data/007.Parakeet_Auklet/Parakeet_Auklet_0004_795921.jpg,6
data/007.Parakeet_Auklet/Parakeet_Auklet_0007_795932.jpg,6
data/007.Parakeet_Auklet/Parakeet_Auklet_0008_795992.jpg,6
data/007.Parakeet_Auklet/Parakeet_Auklet_0010_795995.jpg,6
data/007.Parakeet_Auklet/Parakeet_Auklet_0012_795927.jpg,6
data/007.Parakeet_Auklet/Parakeet_Auklet_0013_795970.jpg,6
data/007.Parakeet_Auklet/Parakeet_Auklet_0015_795966.jpg,6
data/007.Parakeet_Auklet/Parakeet_Auklet_0016_795977.jpg,6
data/007.Parakeet_Auklet/Parakeet_Auklet_0017_795924.jpg,6
data/007.Parakeet_Auklet/Parakeet_Auklet_0019_795987.jpg,6
data/007.Parakeet_Auklet/Parakeet_Auklet_0020_795947.jpg,6
data/007.Parakeet_Auklet/Parakeet_Auklet_0024_2045.jpg,6
data/007.Parakeet_Auklet/Parakeet_Auklet_0025_795975.jpg,6
data/007.Parakeet_Auklet/Parakeet_Auklet_0026_795962.jpg,6
data/007.Parakeet_Auklet/Parakeet_Auklet_0027_795925.jpg,6
data/007.Parakeet_Auklet/Parakeet_Auklet_0028_795944.jpg,6
data/007.Parakeet_Auklet/Parakeet_Auklet_0030_795930.jpg,6
data/007.Parakeet_Auklet/Parakeet_Auklet_0031_795960.jpg,6
data/007.Parakeet_Auklet/Parakeet_Auklet_0032_795986.jpg,6
data/007.Parakeet_Auklet/Parakeet_Auklet_0034_795994.jpg,6
data/007.Parakeet_Auklet/Parakeet_Auklet_0035_795934.jpg,6
data/007.Parakeet_Auklet/Parakeet_Auklet_0036_795943.jpg,6
data/007.Parakeet_Auklet/Parakeet_Auklet_0038_795935.jpg,6
data/007.Parakeet_Auklet/Parakeet_Auklet_0039_795955.jpg,6
data/007.Parakeet_Auklet/Parakeet_Auklet_0040_795974.jpg,6
data/007.Parakeet_Auklet/Parakeet_Auklet_0041_795933.jpg,6
data/007.Parakeet_Auklet/Parakeet_Auklet_0042_795961.jpg,6
data/007.Parakeet_Auklet/Parakeet_Auklet_0043_795948.jpg,6
data/007.Parakeet_Auklet/Parakeet_Auklet_0045_795953.jpg,6
data/007.Parakeet_Auklet/Parakeet_Auklet_0047_795956.jpg,6
data/007.Parakeet_Auklet/Parakeet_Auklet_0048_795980.jpg,6
data/007.Parakeet_Auklet/Parakeet_Auklet_0050_795957.jpg,6
data/007.Parakeet_Auklet/Parakeet_Auklet_0051_795971.jpg,6
data/007.Parakeet_Auklet/Parakeet_Auklet_0055_795963.jpg,6
data/007.Parakeet_Auklet/Parakeet_Auklet_0056_795926.jpg,6
data/007.Parakeet_Auklet/Parakeet_Auklet_0058_795942.jpg,6
data/007.Parakeet_Auklet/Parakeet_Auklet_0059_795973.jpg,6
data/007.Parakeet_Auklet/Parakeet_Auklet_0061_795990.jpg,6
data/007.Parakeet_Auklet/Parakeet_Auklet_0062_795958.jpg,6
data/007.Parakeet_Auklet/Parakeet_Auklet_0064_795954.jpg,6
data/007.Parakeet_Auklet/Parakeet_Auklet_0065_795969.jpg,6
data/007.Parakeet_Auklet/Parakeet_Auklet_0067_795964.jpg,6
data/007.Parakeet_Auklet/Parakeet_Auklet_0069_795936.jpg,6
data/007.Parakeet_Auklet/Parakeet_Auklet_0070_795998.jpg,6
data/007.Parakeet_Auklet/Parakeet_Auklet_0072_795929.jpg,6
data/007.Parakeet_Auklet/Parakeet_Auklet_0073_795939.jpg,6
data/007.Parakeet_Auklet/Parakeet_Auklet_0074_795976.jpg,6
data/007.Parakeet_Auklet/Parakeet_Auklet_0075_795981.jpg,6
data/007.Parakeet_Auklet/Parakeet_Auklet_0076_796001.jpg,6
data/007.Parakeet_Auklet/Parakeet_Auklet_0078_2004.jpg,6
data/007.Parakeet_Auklet/Parakeet_Auklet_0080_795965.jpg,6
data/008.Rhinoceros_Auklet/Rhinoceros_Auklet_0001_797538.jpg,7
data/008.Rhinoceros_Auklet/Rhinoceros_Auklet_0003_797535.jpg,7
data/008.Rhinoceros_Auklet/Rhinoceros_Auklet_0004_797541.jpg,7
data/008.Rhinoceros_Auklet/Rhinoceros_Auklet_0005_2111.jpg,7
data/008.Rhinoceros_Auklet/Rhinoceros_Auklet_0006_797512.jpg,7
data/008.Rhinoceros_Auklet/Rhinoceros_Auklet_0007_797521.jpg,7
data/008.Rhinoceros_Auklet/Rhinoceros_Auklet_0008_797531.jpg,7
data/008.Rhinoceros_Auklet/Rhinoceros_Auklet_0009_797539.jpg,7
data/008.Rhinoceros_Auklet/Rhinoceros_Auklet_0010_797545.jpg,7
data/008.Rhinoceros_Auklet/Rhinoceros_Auklet_0011_797530.jpg,7
data/008.Rhinoceros_Auklet/Rhinoceros_Auklet_0012_2161.jpg,7
data/008.Rhinoceros_Auklet/Rhinoceros_Auklet_0013_797537.jpg,7
data/008.Rhinoceros_Auklet/Rhinoceros_Auklet_0014_797522.jpg,7
data/008.Rhinoceros_Auklet/Rhinoceros_Auklet_0015_2160.jpg,7
data/008.Rhinoceros_Auklet/Rhinoceros_Auklet_0016_2114.jpg,7
data/008.Rhinoceros_Auklet/Rhinoceros_Auklet_0017_2155.jpg,7
data/008.Rhinoceros_Auklet/Rhinoceros_Auklet_0018_797517.jpg,7
data/008.Rhinoceros_Auklet/Rhinoceros_Auklet_0019_797513.jpg,7
data/008.Rhinoceros_Auklet/Rhinoceros_Auklet_0020_2195.jpg,7
data/008.Rhinoceros_Auklet/Rhinoceros_Auklet_0021_2089.jpg,7
data/008.Rhinoceros_Auklet/Rhinoceros_Auklet_0022_2170.jpg,7
data/008.Rhinoceros_Auklet/Rhinoceros_Auklet_0023_797501.jpg,7
data/008.Rhinoceros_Auklet/Rhinoceros_Auklet_0024_797529.jpg,7
data/008.Rhinoceros_Auklet/Rhinoceros_Auklet_0025_797508.jpg,7
data/008.Rhinoceros_Auklet/Rhinoceros_Auklet_0026_797519.jpg,7
data/008.Rhinoceros_Auklet/Rhinoceros_Auklet_0027_797496.jpg,7
data/008.Rhinoceros_Auklet/Rhinoceros_Auklet_0028_2056.jpg,7
data/008.Rhinoceros_Auklet/Rhinoceros_Auklet_0029_797520.jpg,7
data/008.Rhinoceros_Auklet/Rhinoceros_Auklet_0030_797509.jpg,7
data/008.Rhinoceros_Auklet/Rhinoceros_Auklet_0031_797518.jpg,7
data/008.Rhinoceros_Auklet/Rhinoceros_Auklet_0032_797516.jpg,7
data/008.Rhinoceros_Auklet/Rhinoceros_Auklet_0033_2169.jpg,7
data/008.Rhinoceros_Auklet/Rhinoceros_Auklet_0034_797497.jpg,7
data/008.Rhinoceros_Auklet/Rhinoceros_Auklet_0035_2166.jpg,7
data/008.Rhinoceros_Auklet/Rhinoceros_Auklet_0037_797499.jpg,7
data/008.Rhinoceros_Auklet/Rhinoceros_Auklet_0038_797544.jpg,7
data/008.Rhinoceros_Auklet/Rhinoceros_Auklet_0039_2174.jpg,7
data/008.Rhinoceros_Auklet/Rhinoceros_Auklet_0040_797503.jpg,7
data/008.Rhinoceros_Auklet/Rhinoceros_Auklet_0041_797515.jpg,7
data/008.Rhinoceros_Auklet/Rhinoceros_Auklet_0042_2101.jpg,7
data/008.Rhinoceros_Auklet/Rhinoceros_Auklet_0043_2096.jpg,7
data/008.Rhinoceros_Auklet/Rhinoceros_Auklet_0044_797502.jpg,7
data/008.Rhinoceros_Auklet/Rhinoceros_Auklet_0045_797536.jpg,7
data/008.Rhinoceros_Auklet/Rhinoceros_Auklet_0046_797532.jpg,7
data/008.Rhinoceros_Auklet/Rhinoceros_Auklet_0048_2162.jpg,7
data/008.Rhinoceros_Auklet/Rhinoceros_Auklet_0049_797543.jpg,7
data/008.Rhinoceros_Auklet/Rhinoceros_Auklet_0050_797534.jpg,7
data/008.Rhinoceros_Auklet/Rhinoceros_Auklet_0051_797510.jpg,7
data/009.Brewer_Blackbird/Brewer_Blackbird_0002_2278.jpg,8
data/009.Brewer_Blackbird/Brewer_Blackbird_0004_2345.jpg,8
data/009.Brewer_Blackbird/Brewer_Blackbird_0009_2616.jpg,8
data/009.Brewer_Blackbird/Brewer_Blackbird_0010_2269.jpg,8
data/009.Brewer_Blackbird/Brewer_Blackbird_0012_2691.jpg,8
data/009.Brewer_Blackbird/Brewer_Blackbird_0014_2679.jpg,8
data/009.Brewer_Blackbird/Brewer_Blackbird_0015_2286.jpg,8
data/009.Brewer_Blackbird/Brewer_Blackbird_0016_2225.jpg,8
data/009.Brewer_Blackbird/Brewer_Blackbird_0017_2668.jpg,8
data/009.Brewer_Blackbird/Brewer_Blackbird_0018_2261.jpg,8
data/009.Brewer_Blackbird/Brewer_Blackbird_0025_2231.jpg,8
data/009.Brewer_Blackbird/Brewer_Blackbird_0026_2625.jpg,8
data/009.Brewer_Blackbird/Brewer_Blackbird_0027_2329.jpg,8
data/009.Brewer_Blackbird/Brewer_Blackbird_0028_2682.jpg,8
data/009.Brewer_Blackbird/Brewer_Blackbird_0030_2268.jpg,8
data/009.Brewer_Blackbird/Brewer_Blackbird_0032_2214.jpg,8
data/009.Brewer_Blackbird/Brewer_Blackbird_0035_2611.jpg,8
data/009.Brewer_Blackbird/Brewer_Blackbird_0038_2294.jpg,8
data/009.Brewer_Blackbird/Brewer_Blackbird_0041_2653.jpg,8
data/009.Brewer_Blackbird/Brewer_Blackbird_0042_2302.jpg,8
data/009.Brewer_Blackbird/Brewer_Blackbird_0045_2303.jpg,8
data/009.Brewer_Blackbird/Brewer_Blackbird_0046_2688.jpg,8
data/009.Brewer_Blackbird/Brewer_Blackbird_0049_2258.jpg,8
data/009.Brewer_Blackbird/Brewer_Blackbird_0054_2631.jpg,8
data/009.Brewer_Blackbird/Brewer_Blackbird_0061_2270.jpg,8
data/009.Brewer_Blackbird/Brewer_Blackbird_0064_2290.jpg,8
data/009.Brewer_Blackbird/Brewer_Blackbird_0065_2310.jpg,8
data/009.Brewer_Blackbird/Brewer_Blackbird_0066_2693.jpg,8
data/009.Brewer_Blackbird/Brewer_Blackbird_0070_2325.jpg,8
data/009.Brewer_Blackbird/Brewer_Blackbird_0074_2277.jpg,8
data/009.Brewer_Blackbird/Brewer_Blackbird_0078_2659.jpg,8
data/009.Brewer_Blackbird/Brewer_Blackbird_0079_2343.jpg,8
data/009.Brewer_Blackbird/Brewer_Blackbird_0080_2234.jpg,8
data/009.Brewer_Blackbird/Brewer_Blackbird_0082_2593.jpg,8
data/009.Brewer_Blackbird/Brewer_Blackbird_0087_2622.jpg,8
data/009.Brewer_Blackbird/Brewer_Blackbird_0090_2658.jpg,8
data/009.Brewer_Blackbird/Brewer_Blackbird_0095_2610.jpg,8
data/009.Brewer_Blackbird/Brewer_Blackbird_0096_2634.jpg,8
data/009.Brewer_Blackbird/Brewer_Blackbird_0097_2322.jpg,8
data/009.Brewer_Blackbird/Brewer_Blackbird_0099_2560.jpg,8
data/009.Brewer_Blackbird/Brewer_Blackbird_0101_2630.jpg,8
data/009.Brewer_Blackbird/Brewer_Blackbird_0102_2620.jpg,8
data/009.Brewer_Blackbird/Brewer_Blackbird_0103_2273.jpg,8
data/009.Brewer_Blackbird/Brewer_Blackbird_0104_2230.jpg,8
data/009.Brewer_Blackbird/Brewer_Blackbird_0106_2608.jpg,8
data/009.Brewer_Blackbird/Brewer_Blackbird_0109_2232.jpg,8
data/009.Brewer_Blackbird/Brewer_Blackbird_0111_2613.jpg,8
data/009.Brewer_Blackbird/Brewer_Blackbird_0112_2340.jpg,8
data/009.Brewer_Blackbird/Brewer_Blackbird_0115_2279.jpg,8
data/009.Brewer_Blackbird/Brewer_Blackbird_0116_2327.jpg,8
data/009.Brewer_Blackbird/Brewer_Blackbird_0127_2235.jpg,8
data/009.Brewer_Blackbird/Brewer_Blackbird_0131_2289.jpg,8
data/009.Brewer_Blackbird/Brewer_Blackbird_0132_2293.jpg,8
data/009.Brewer_Blackbird/Brewer_Blackbird_0133_2324.jpg,8
data/009.Brewer_Blackbird/Brewer_Blackbird_0135_2607.jpg,8
data/009.Brewer_Blackbird/Brewer_Blackbird_0137_2680.jpg,8
data/009.Brewer_Blackbird/Brewer_Blackbird_0139_2567.jpg,8
data/009.Brewer_Blackbird/Brewer_Blackbird_0140_2586.jpg,8
data/009.Brewer_Blackbird/Brewer_Blackbird_0142_2636.jpg,8
data/010.Red_winged_Blackbird/Red_Winged_Blackbird_0001_3695.jpg,9
data/010.Red_winged_Blackbird/Red_Winged_Blackbird_0005_5636.jpg,9
data/010.Red_winged_Blackbird/Red_Winged_Blackbird_0006_6005.jpg,9
data/010.Red_winged_Blackbird/Red_Winged_Blackbird_0007_3706.jpg,9
data/010.Red_winged_Blackbird/Red_Winged_Blackbird_0009_5841.jpg,9
data/010.Red_winged_Blackbird/Red_Winged_Blackbird_0010_6386.jpg,9
data/010.Red_winged_Blackbird/Red_Winged_Blackbird_0011_5845.jpg,9
data/010.Red_winged_Blackbird/Red_Winged_Blackbird_0012_6015.jpg,9
data/010.Red_winged_Blackbird/Red_Winged_Blackbird_0013_5762.jpg,9
data/010.Red_winged_Blackbird/Red_Winged_Blackbird_0014_3761.jpg,9
data/010.Red_winged_Blackbird/Red_Winged_Blackbird_0017_4116.jpg,9
data/010.Red_winged_Blackbird/Red_Winged_Blackbird_0020_4050.jpg,9
data/010.Red_winged_Blackbird/Red_Winged_Blackbird_0021_3767.jpg,9
data/010.Red_winged_Blackbird/Red_Winged_Blackbird_0022_4483.jpg,9
data/010.Red_winged_Blackbird/Red_Winged_Blackbird_0023_5257.jpg,9
data/010.Red_winged_Blackbird/Red_Winged_Blackbird_0024_4180.jpg,9
data/010.Red_winged_Blackbird/Red_Winged_Blackbird_0025_5342.jpg,9
data/010.Red_winged_Blackbird/Red_Winged_Blackbird_0027_4123.jpg,9
data/010.Red_winged_Blackbird/Red_Winged_Blackbird_0028_4709.jpg,9
data/010.Red_winged_Blackbird/Red_Winged_Blackbird_0029_4804.jpg,9
data/010.Red_winged_Blackbird/Red_Winged_Blackbird_0032_4004.jpg,9
data/010.Red_winged_Blackbird/Red_Winged_Blackbird_0039_4285.jpg,9
data/010.Red_winged_Blackbird/Red_Winged_Blackbird_0040_4522.jpg,9
data/010.Red_winged_Blackbird/Red_Winged_Blackbird_0042_3635.jpg,9
data/010.Red_winged_Blackbird/Red_Winged_Blackbird_0044_5621.jpg,9
data/010.Red_winged_Blackbird/Red_Winged_Blackbird_0045_4526.jpg,9
data/010.Red_winged_Blackbird/Red_Winged_Blackbird_0046_4242.jpg,9
data/010.Red_winged_Blackbird/Red_Winged_Blackbird_0047_3802.jpg,9
data/010.Red_winged_Blackbird/Red_Winged_Blackbird_0049_5598.jpg,9
data/010.Red_winged_Blackbird/Red_Winged_Blackbird_0052_5575.jpg,9
data/010.Red_winged_Blackbird/Red_Winged_Blackbird_0053_4072.jpg,9
data/010.Red_winged_Blackbird/Red_Winged_Blackbird_0054_4625.jpg,9
data/010.Red_winged_Blackbird/Red_Winged_Blackbird_0055_4345.jpg,9
data/010.Red_winged_Blackbird/Red_Winged_Blackbird_0058_4141.jpg,9
data/010.Red_winged_Blackbird/Red_Winged_Blackbird_0059_4612.jpg,9
data/010.Red_winged_Blackbird/Red_Winged_Blackbird_0060_4688.jpg,9
data/010.Red_winged_Blackbird/Red_Winged_Blackbird_0061_4196.jpg,9
data/010.Red_winged_Blackbird/Red_Winged_Blackbird_0062_4233.jpg,9
data/010.Red_winged_Blackbird/Red_Winged_Blackbird_0064_4936.jpg,9
data/010.Red_winged_Blackbird/Red_Winged_Blackbird_0065_4026.jpg,9
data/010.Red_winged_Blackbird/Red_Winged_Blackbird_0066_5070.jpg,9
data/010.Red_winged_Blackbird/Red_Winged_Blackbird_0071_3988.jpg,9
data/010.Red_winged_Blackbird/Red_Winged_Blackbird_0072_4338.jpg,9
data/010.Red_winged_Blackbird/Red_Winged_Blackbird_0074_4146.jpg,9
data/010.Red_winged_Blackbird/Red_Winged_Blackbird_0075_4953.jpg,9
data/010.Red_winged_Blackbird/Red_Winged_Blackbird_0078_5372.jpg,9
data/010.Red_winged_Blackbird/Red_Winged_Blackbird_0079_4527.jpg,9
data/010.Red_winged_Blackbird/Red_Winged_Blackbird_0081_6081.jpg,9
data/010.Red_winged_Blackbird/Red_Winged_Blackbird_0085_5846.jpg,9
data/010.Red_winged_Blackbird/Red_Winged_Blackbird_0088_4007.jpg,9
data/010.Red_winged_Blackbird/Red_Winged_Blackbird_0089_4188.jpg,9
data/010.Red_winged_Blackbird/Red_Winged_Blackbird_0091_4096.jpg,9
data/010.Red_winged_Blackbird/Red_Winged_Blackbird_0093_5948.jpg,9
data/010.Red_winged_Blackbird/Red_Winged_Blackbird_0094_5856.jpg,9
data/010.Red_winged_Blackbird/Red_Winged_Blackbird_0096_5019.jpg,9
data/010.Red_winged_Blackbird/Red_Winged_Blackbird_0099_3985.jpg,9
data/010.Red_winged_Blackbird/Red_Winged_Blackbird_0101_6244.jpg,9
data/010.Red_winged_Blackbird/Red_Winged_Blackbird_0104_3918.jpg,9
data/010.Red_winged_Blackbird/Red_Winged_Blackbird_0105_4842.jpg,9
data/010.Red_winged_Blackbird/Red_Winged_Blackbird_0109_4454.jpg,9
data/011.Rusty_Blackbird/Rusty_Blackbird_0001_6548.jpg,10
data/011.Rusty_Blackbird/Rusty_Blackbird_0003_6749.jpg,10
data/011.Rusty_Blackbird/Rusty_Blackbird_0005_6771.jpg,10
data/011.Rusty_Blackbird/Rusty_Blackbird_0006_6633.jpg,10
data/011.Rusty_Blackbird/Rusty_Blackbird_0009_6853.jpg,10
data/011.Rusty_Blackbird/Rusty_Blackbird_0011_7028.jpg,10
data/011.Rusty_Blackbird/Rusty_Blackbird_0013_6902.jpg,10
data/011.Rusty_Blackbird/Rusty_Blackbird_0015_6885.jpg,10
data/011.Rusty_Blackbird/Rusty_Blackbird_0016_6684.jpg,10
data/011.Rusty_Blackbird/Rusty_Blackbird_0017_6755.jpg,10
data/011.Rusty_Blackbird/Rusty_Blackbird_0019_6704.jpg,10
data/011.Rusty_Blackbird/Rusty_Blackbird_0020_6679.jpg,10
data/011.Rusty_Blackbird/Rusty_Blackbird_0022_6808.jpg,10
data/011.Rusty_Blackbird/Rusty_Blackbird_0023_6752.jpg,10
data/011.Rusty_Blackbird/Rusty_Blackbird_0026_6768.jpg,10
data/011.Rusty_Blackbird/Rusty_Blackbird_0027_6593.jpg,10
data/011.Rusty_Blackbird/Rusty_Blackbird_0031_6699.jpg,10
data/011.Rusty_Blackbird/Rusty_Blackbird_0032_6611.jpg,10
data/011.Rusty_Blackbird/Rusty_Blackbird_0033_6879.jpg,10
data/011.Rusty_Blackbird/Rusty_Blackbird_0036_6550.jpg,10
data/011.Rusty_Blackbird/Rusty_Blackbird_0043_2597.jpg,10
data/011.Rusty_Blackbird/Rusty_Blackbird_0047_7009.jpg,10
data/011.Rusty_Blackbird/Rusty_Blackbird_0048_6632.jpg,10
data/011.Rusty_Blackbird/Rusty_Blackbird_0051_6715.jpg,10
data/011.Rusty_Blackbird/Rusty_Blackbird_0052_7035.jpg,10
data/011.Rusty_Blackbird/Rusty_Blackbird_0054_6676.jpg,10
data/011.Rusty_Blackbird/Rusty_Blackbird_0055_6923.jpg,10
data/011.Rusty_Blackbird/Rusty_Blackbird_0056_6856.jpg,10
data/011.Rusty_Blackbird/Rusty_Blackbird_0057_6935.jpg,10
data/011.Rusty_Blackbird/Rusty_Blackbird_0060_6756.jpg,10
data/011.Rusty_Blackbird/Rusty_Blackbird_0073_6744.jpg,10
data/011.Rusty_Blackbird/Rusty_Blackbird_0074_6585.jpg,10
data/011.Rusty_Blackbird/Rusty_Blackbird_0075_6717.jpg,10
data/011.Rusty_Blackbird/Rusty_Blackbird_0076_6716.jpg,10
data/011.Rusty_Blackbird/Rusty_Blackbird_0080_6877.jpg,10
data/011.Rusty_Blackbird/Rusty_Blackbird_0081_6967.jpg,10
data/011.Rusty_Blackbird/Rusty_Blackbird_0082_6906.jpg,10
data/011.Rusty_Blackbird/Rusty_Blackbird_0085_6713.jpg,10
data/011.Rusty_Blackbird/Rusty_Blackbird_0086_6658.jpg,10
data/011.Rusty_Blackbird/Rusty_Blackbird_0087_6727.jpg,10
data/011.Rusty_Blackbird/Rusty_Blackbird_0091_6695.jpg,10
data/011.Rusty_Blackbird/Rusty_Blackbird_0092_2727.jpg,10
data/011.Rusty_Blackbird/Rusty_Blackbird_0093_6628.jpg,10
data/011.Rusty_Blackbird/Rusty_Blackbird_0094_6582.jpg,10
data/011.Rusty_Blackbird/Rusty_Blackbird_0096_6846.jpg,10
data/011.Rusty_Blackbird/Rusty_Blackbird_0100_6597.jpg,10
data/011.Rusty_Blackbird/Rusty_Blackbird_0101_6880.jpg,10
data/011.Rusty_Blackbird/Rusty_Blackbird_0102_6590.jpg,10
data/011.Rusty_Blackbird/Rusty_Blackbird_0104_6685.jpg,10
data/011.Rusty_Blackbird/Rusty_Blackbird_0105_6937.jpg,10
data/011.Rusty_Blackbird/Rusty_Blackbird_0107_6839.jpg,10
data/011.Rusty_Blackbird/Rusty_Blackbird_0108_6867.jpg,10
data/011.Rusty_Blackbird/Rusty_Blackbird_0109_6698.jpg,10
data/011.Rusty_Blackbird/Rusty_Blackbird_0111_3220.jpg,10
data/011.Rusty_Blackbird/Rusty_Blackbird_0112_3415.jpg,10
data/011.Rusty_Blackbird/Rusty_Blackbird_0113_6664.jpg,10
data/011.Rusty_Blackbird/Rusty_Blackbird_0114_6760.jpg,10
data/011.Rusty_Blackbird/Rusty_Blackbird_0120_6762.jpg,10
data/011.Rusty_Blackbird/Rusty_Blackbird_0121_6637.jpg,10
data/011.Rusty_Blackbird/Rusty_Blackbird_0122_6736.jpg,10
data/012.Yellow_headed_Blackbird/Yellow_Headed_Blackbird_0003_8337.jpg,11
data/012.Yellow_headed_Blackbird/Yellow_Headed_Blackbird_0007_8366.jpg,11
data/012.Yellow_headed_Blackbird/Yellow_Headed_Blackbird_0008_8756.jpg,11
data/012.Yellow_headed_Blackbird/Yellow_Headed_Blackbird_0009_8248.jpg,11
data/012.Yellow_headed_Blackbird/Yellow_Headed_Blackbird_0012_8443.jpg,11
data/012.Yellow_headed_Blackbird/Yellow_Headed_Blackbird_0013_8362.jpg,11
data/012.Yellow_headed_Blackbird/Yellow_Headed_Blackbird_0015_8207.jpg,11
data/012.Yellow_headed_Blackbird/Yellow_Headed_Blackbird_0017_8511.jpg,11
data/012.Yellow_headed_Blackbird/Yellow_Headed_Blackbird_0018_8588.jpg,11
data/012.Yellow_headed_Blackbird/Yellow_Headed_Blackbird_0020_8549.jpg,11
data/012.Yellow_headed_Blackbird/Yellow_Headed_Blackbird_0023_7325.jpg,11
data/012.Yellow_headed_Blackbird/Yellow_Headed_Blackbird_0024_8586.jpg,11
data/012.Yellow_headed_Blackbird/Yellow_Headed_Blackbird_0025_8262.jpg,11
data/012.Yellow_headed_Blackbird/Yellow_Headed_Blackbird_0026_8545.jpg,11
data/012.Yellow_headed_Blackbird/Yellow_Headed_Blackbird_0031_8456.jpg,11
data/012.Yellow_headed_Blackbird/Yellow_Headed_Blackbird_0034_7736.jpg,11
data/012.Yellow_headed_Blackbird/Yellow_Headed_Blackbird_0035_8447.jpg,11
data/012.Yellow_headed_Blackbird/Yellow_Headed_Blackbird_0038_8689.jpg,11
data/012.Yellow_headed_Blackbird/Yellow_Headed_Blackbird_0040_7514.jpg,11
data/012.Yellow_headed_Blackbird/Yellow_Headed_Blackbird_0041_8264.jpg,11
data/012.Yellow_headed_Blackbird/Yellow_Headed_Blackbird_0042_8574.jpg,11
data/012.Yellow_headed_Blackbird/Yellow_Headed_Blackbird_0043_8250.jpg,11
data/012.Yellow_headed_Blackbird/Yellow_Headed_Blackbird_0047_7929.jpg,11
data/012.Yellow_headed_Blackbird/Yellow_Headed_Blackbird_0049_8548.jpg,11
data/012.Yellow_headed_Blackbird/Yellow_Headed_Blackbird_0051_8387.jpg,11
data/012.Yellow_headed_Blackbird/Yellow_Headed_Blackbird_0053_8410.jpg,11
data/012.Yellow_headed_Blackbird/Yellow_Headed_Blackbird_0055_8357.jpg,11
data/012.Yellow_headed_Blackbird/Yellow_Headed_Blackbird_0056_8455.jpg,11
data/012.Yellow_headed_Blackbird/Yellow_Headed_Blackbird_0057_8236.jpg,11
data/012.Yellow_headed_Blackbird/Yellow_Headed_Blackbird_0058_8350.jpg,11
data/012.Yellow_headed_Blackbird/Yellow_Headed_Blackbird_0059_8079.jpg,11
data/012.Yellow_headed_Blackbird/Yellow_Headed_Blackbird_0061_8208.jpg,11
data/012.Yellow_headed_Blackbird/Yellow_Headed_Blackbird_0062_8310.jpg,11
data/012.Yellow_headed_Blackbird/Yellow_Headed_Blackbird_0065_8481.jpg,11
data/012.Yellow_headed_Blackbird/Yellow_Headed_Blackbird_0070_8583.jpg,11
data/012.Yellow_headed_Blackbird/Yellow_Headed_Blackbird_0072_8606.jpg,11
data/012.Yellow_headed_Blackbird/Yellow_Headed_Blackbird_0073_8442.jpg,11
data/012.Yellow_headed_Blackbird/Yellow_Headed_Blackbird_0074_8452.jpg,11
data/012.Yellow_headed_Blackbird/Yellow_Headed_Blackbird_0077_8332.jpg,11
data/012.Yellow_headed_Blackbird/Yellow_Headed_Blackbird_0079_8535.jpg,11
data/012.Yellow_headed_Blackbird/Yellow_Headed_Blackbird_0080_8601.jpg,11
data/012.Yellow_headed_Blackbird/Yellow_Headed_Blackbird_0082_8577.jpg,11
data/012.Yellow_headed_Blackbird/Yellow_Headed_Blackbird_0083_8300.jpg,11
data/012.Yellow_headed_Blackbird/Yellow_Headed_Blackbird_0084_8435.jpg,11
data/012.Yellow_headed_Blackbird/Yellow_Headed_Blackbird_0085_8363.jpg,11
data/012.Yellow_headed_Blackbird/Yellow_Headed_Blackbird_0086_8487.jpg,11
data/012.Yellow_headed_Blackbird/Yellow_Headed_Blackbird_0087_8358.jpg,11
data/012.Yellow_headed_Blackbird/Yellow_Headed_Blackbird_0088_8257.jpg,11
data/012.Yellow_headed_Blackbird/Yellow_Headed_Blackbird_0089_8326.jpg,11
data/012.Yellow_headed_Blackbird/Yellow_Headed_Blackbird_0091_8555.jpg,11
data/012.Yellow_headed_Blackbird/Yellow_Headed_Blackbird_0095_8458.jpg,11
data/012.Yellow_headed_Blackbird/Yellow_Headed_Blackbird_0098_8367.jpg,11
data/012.Yellow_headed_Blackbird/Yellow_Headed_Blackbird_0100_8407.jpg,11
data/012.Yellow_headed_Blackbird/Yellow_Headed_Blackbird_0102_8441.jpg,11
data/012.Yellow_headed_Blackbird/Yellow_Headed_Blackbird_0108_7937.jpg,11
data/012.Yellow_headed_Blackbird/Yellow_Headed_Blackbird_0109_8271.jpg,11
data/013.Bobolink/Bobolink_0001_9261.jpg,12
data/013.Bobolink/Bobolink_0002_11085.jpg,12
data/013.Bobolink/Bobolink_0007_9246.jpg,12
data/013.Bobolink/Bobolink_0008_9289.jpg,12
data/013.Bobolink/Bobolink_0013_9367.jpg,12
data/013.Bobolink/Bobolink_0014_11055.jpg,12
data/013.Bobolink/Bobolink_0018_9402.jpg,12
data/013.Bobolink/Bobolink_0019_10552.jpg,12
data/013.Bobolink/Bobolink_0020_9194.jpg,12
data/013.Bobolink/Bobolink_0021_10623.jpg,12
data/013.Bobolink/Bobolink_0026_11057.jpg,12
data/013.Bobolink/Bobolink_0027_10569.jpg,12
data/013.Bobolink/Bobolink_0032_10217.jpg,12
data/013.Bobolink/Bobolink_0033_10809.jpg,12
data/013.Bobolink/Bobolink_0035_11117.jpg,12
data/013.Bobolink/Bobolink_0039_9779.jpg,12
data/013.Bobolink/Bobolink_0040_9681.jpg,12
data/013.Bobolink/Bobolink_0043_10607.jpg,12
data/013.Bobolink/Bobolink_0044_9990.jpg,12
data/013.Bobolink/Bobolink_0047_9204.jpg,12
data/013.Bobolink/Bobolink_0048_9988.jpg,12
data/013.Bobolink/Bobolink_0049_9540.jpg,12
data/013.Bobolink/Bobolink_0050_9821.jpg,12
data/013.Bobolink/Bobolink_0052_9423.jpg,12
data/013.Bobolink/Bobolink_0053_10166.jpg,12
data/013.Bobolink/Bobolink_0056_9080.jpg,12
data/013.Bobolink/Bobolink_0057_10051.jpg,12
data/013.Bobolink/Bobolink_0059_10041.jpg,12
data/013.Bobolink/Bobolink_0064_10092.jpg,12
data/013.Bobolink/Bobolink_0065_9375.jpg,12
data/013.Bobolink/Bobolink_0067_11533.jpg,12
data/013.Bobolink/Bobolink_0069_9085.jpg,12
data/013.Bobolink/Bobolink_0070_10624.jpg,12
data/013.Bobolink/Bobolink_0071_9503.jpg,12
data/013.Bobolink/Bobolink_0074_9311.jpg,12
data/013.Bobolink/Bobolink_0076_11093.jpg,12
data/013.Bobolink/Bobolink_0079_10736.jpg,12
data/013.Bobolink/Bobolink_0081_9439.jpg,12
data/013.Bobolink/Bobolink_0092_10026.jpg,12
data/013.Bobolink/Bobolink_0094_9823.jpg,12
data/013.Bobolink/Bobolink_0097_10861.jpg,12
data/013.Bobolink/Bobolink_0099_9314.jpg,12
data/013.Bobolink/Bobolink_0101_9811.jpg,12
data/013.Bobolink/Bobolink_0102_10807.jpg,12
data/013.Bobolink/Bobolink_0104_10273.jpg,12
data/013.Bobolink/Bobolink_0106_9126.jpg,12
data/013.Bobolink/Bobolink_0107_10252.jpg,12
data/013.Bobolink/Bobolink_0109_9869.jpg,12
data/013.Bobolink/Bobolink_0110_9496.jpg,12
data/013.Bobolink/Bobolink_0112_11073.jpg,12
data/013.Bobolink/Bobolink_0114_10627.jpg,12
data/013.Bobolink/Bobolink_0115_9265.jpg,12
data/013.Bobolink/Bobolink_0117_10215.jpg,12
data/013.Bobolink/Bobolink_0119_10430.jpg,12
data/013.Bobolink/Bobolink_0120_10859.jpg,12
data/013.Bobolink/Bobolink_0124_10182.jpg,12
data/013.Bobolink/Bobolink_0126_11458.jpg,12
data/013.Bobolink/Bobolink_0128_9947.jpg,12
data/013.Bobolink/Bobolink_0131_9578.jpg,12
data/013.Bobolink/Bobolink_0133_9618.jpg,12
data/014.Indigo_Bunting/Indigo_Bunting_0001_12469.jpg,13
data/014.Indigo_Bunting/Indigo_Bunting_0002_12163.jpg,13
data/014.Indigo_Bunting/Indigo_Bunting_0003_13049.jpg,13
data/014.Indigo_Bunting/Indigo_Bunting_0004_13195.jpg,13
data/014.Indigo_Bunting/Indigo_Bunting_0005_13832.jpg,13
data/014.Indigo_Bunting/Indigo_Bunting_0006_14317.jpg,13
data/014.Indigo_Bunting/Indigo_Bunting_0010_13000.jpg,13
data/014.Indigo_Bunting/Indigo_Bunting_0013_12949.jpg,13
data/014.Indigo_Bunting/Indigo_Bunting_0014_14167.jpg,13
data/014.Indigo_Bunting/Indigo_Bunting_0015_12632.jpg,13
data/014.Indigo_Bunting/Indigo_Bunting_0016_13661.jpg,13
data/014.Indigo_Bunting/Indigo_Bunting_0017_11574.jpg,13
data/014.Indigo_Bunting/Indigo_Bunting_0018_11883.jpg,13
data/014.Indigo_Bunting/Indigo_Bunting_0021_13979.jpg,13
data/014.Indigo_Bunting/Indigo_Bunting_0022_12781.jpg,13
data/014.Indigo_Bunting/Indigo_Bunting_0024_13523.jpg,13
data/014.Indigo_Bunting/Indigo_Bunting_0025_12532.jpg,13
data/014.Indigo_Bunting/Indigo_Bunting_0026_11964.jpg,13
data/014.Indigo_Bunting/Indigo_Bunting_0027_11579.jpg,13
data/014.Indigo_Bunting/Indigo_Bunting_0028_12335.jpg,13
data/014.Indigo_Bunting/Indigo_Bunting_0029_13761.jpg,13
data/014.Indigo_Bunting/Indigo_Bunting_0031_13300.jpg,13
data/014.Indigo_Bunting/Indigo_Bunting_0032_12215.jpg,13
data/014.Indigo_Bunting/Indigo_Bunting_0033_12777.jpg,13
data/014.Indigo_Bunting/Indigo_Bunting_0034_12464.jpg,13
data/014.Indigo_Bunting/Indigo_Bunting_0036_13716.jpg,13
data/014.Indigo_Bunting/Indigo_Bunting_0037_14128.jpg,13
data/014.Indigo_Bunting/Indigo_Bunting_0039_12756.jpg,13
data/014.Indigo_Bunting/Indigo_Bunting_0040_11805.jpg,13
data/014.Indigo_Bunting/Indigo_Bunting_0041_13987.jpg,13
data/014.Indigo_Bunting/Indigo_Bunting_0044_14389.jpg,13
data/014.Indigo_Bunting/Indigo_Bunting_0047_12966.jpg,13
data/014.Indigo_Bunting/Indigo_Bunting_0049_13641.jpg,13
data/014.Indigo_Bunting/Indigo_Bunting_0050_11811.jpg,13
data/014.Indigo_Bunting/Indigo_Bunting_0051_12837.jpg,13
data/014.Indigo_Bunting/Indigo_Bunting_0052_11893.jpg,13
data/014.Indigo_Bunting/Indigo_Bunting_0053_13391.jpg,13
data/014.Indigo_Bunting/Indigo_Bunting_0054_12213.jpg,13
data/014.Indigo_Bunting/Indigo_Bunting_0055_13473.jpg,13
data/014.Indigo_Bunting/Indigo_Bunting_0056_12637.jpg,13
data/014.Indigo_Bunting/Indigo_Bunting_0058_12207.jpg,13
data/014.Indigo_Bunting/Indigo_Bunting_0059_11596.jpg,13
data/014.Indigo_Bunting/Indigo_Bunting_0060_14495.jpg,13
data/014.Indigo_Bunting/Indigo_Bunting_0061_13259.jpg,13
data/014.Indigo_Bunting/Indigo_Bunting_0063_11820.jpg,13
data/014.Indigo_Bunting/Indigo_Bunting_0065_14558.jpg,13
data/014.Indigo_Bunting/Indigo_Bunting_0066_12869.jpg,13
data/014.Indigo_Bunting/Indigo_Bunting_0068_13081.jpg,13
data/014.Indigo_Bunting/Indigo_Bunting_0071_11639.jpg,13
data/014.Indigo_Bunting/Indigo_Bunting_0072_14197.jpg,13
data/014.Indigo_Bunting/Indigo_Bunting_0073_13933.jpg,13
data/014.Indigo_Bunting/Indigo_Bunting_0074_12829.jpg,13
data/014.Indigo_Bunting/Indigo_Bunting_0075_12835.jpg,13
data/014.Indigo_Bunting/Indigo_Bunting_0076_12950.jpg,13
data/014.Indigo_Bunting/Indigo_Bunting_0077_14060.jpg,13
data/014.Indigo_Bunting/Indigo_Bunting_0078_11852.jpg,13
data/014.Indigo_Bunting/Indigo_Bunting_0080_13416.jpg,13
data/014.Indigo_Bunting/Indigo_Bunting_0082_11907.jpg,13
data/014.Indigo_Bunting/Indigo_Bunting_0084_11848.jpg,13
data/014.Indigo_Bunting/Indigo_Bunting_0085_11991.jpg,13
data/015.Lazuli_Bunting/Lazuli_Bunting_0001_14916.jpg,14
data/015.Lazuli_Bunting/Lazuli_Bunting_0004_14887.jpg,14
data/015.Lazuli_Bunting/Lazuli_Bunting_0008_15195.jpg,14
data/015.Lazuli_Bunting/Lazuli_Bunting_0009_15163.jpg,14
data/015.Lazuli_Bunting/Lazuli_Bunting_0010_14915.jpg,14
data/015.Lazuli_Bunting/Lazuli_Bunting_0014_14824.jpg,14
data/015.Lazuli_Bunting/Lazuli_Bunting_0015_14690.jpg,14
data/015.Lazuli_Bunting/Lazuli_Bunting_0020_14837.jpg,14
data/015.Lazuli_Bunting/Lazuli_Bunting_0021_14686.jpg,14
data/015.Lazuli_Bunting/Lazuli_Bunting_0025_15079.jpg,14
data/015.Lazuli_Bunting/Lazuli_Bunting_0026_14669.jpg,14
data/015.Lazuli_Bunting/Lazuli_Bunting_0027_14895.jpg,14
data/015.Lazuli_Bunting/Lazuli_Bunting_0028_14950.jpg,14
data/015.Lazuli_Bunting/Lazuli_Bunting_0030_14986.jpg,14
data/015.Lazuli_Bunting/Lazuli_Bunting_0031_15018.jpg,14
data/015.Lazuli_Bunting/Lazuli_Bunting_0032_14778.jpg,14
data/015.Lazuli_Bunting/Lazuli_Bunting_0034_14864.jpg,14
data/015.Lazuli_Bunting/Lazuli_Bunting_0035_14920.jpg,14
data/015.Lazuli_Bunting/Lazuli_Bunting_0037_15021.jpg,14
data/015.Lazuli_Bunting/Lazuli_Bunting_0039_15081.jpg,14
data/015.Lazuli_Bunting/Lazuli_Bunting_0040_14923.jpg,14
data/015.Lazuli_Bunting/Lazuli_Bunting_0041_15152.jpg,14
data/015.Lazuli_Bunting/Lazuli_Bunting_0042_14820.jpg,14
data/015.Lazuli_Bunting/Lazuli_Bunting_0045_14954.jpg,14
data/015.Lazuli_Bunting/Lazuli_Bunting_0046_14787.jpg,14
data/015.Lazuli_Bunting/Lazuli_Bunting_0047_14863.jpg,14
data/015.Lazuli_Bunting/Lazuli_Bunting_0048_14844.jpg,14
data/015.Lazuli_Bunting/Lazuli_Bunting_0052_14618.jpg,14
data/015.Lazuli_Bunting/Lazuli_Bunting_0054_14714.jpg,14
data/015.Lazuli_Bunting/Lazuli_Bunting_0055_15043.jpg,14
data/015.Lazuli_Bunting/Lazuli_Bunting_0056_15032.jpg,14
data/015.Lazuli_Bunting/Lazuli_Bunting_0057_14775.jpg,14
data/015.Lazuli_Bunting/Lazuli_Bunting_0059_14749.jpg,14
data/015.Lazuli_Bunting/Lazuli_Bunting_0061_15155.jpg,14
data/015.Lazuli_Bunting/Lazuli_Bunting_0066_14914.jpg,14
data/015.Lazuli_Bunting/Lazuli_Bunting_0067_14672.jpg,14
data/015.Lazuli_Bunting/Lazuli_Bunting_0070_14665.jpg,14
data/015.Lazuli_Bunting/Lazuli_Bunting_0073_14594.jpg,14
data/015.Lazuli_Bunting/Lazuli_Bunting_0074_14854.jpg,14
data/015.Lazuli_Bunting/Lazuli_Bunting_0076_14662.jpg,14
data/015.Lazuli_Bunting/Lazuli_Bunting_0078_15164.jpg,14
data/015.Lazuli_Bunting/Lazuli_Bunting_0080_14893.jpg,14
data/015.Lazuli_Bunting/Lazuli_Bunting_0081_14709.jpg,14
data/015.Lazuli_Bunting/Lazuli_Bunting_0082_15047.jpg,14
data/015.Lazuli_Bunting/Lazuli_Bunting_0084_14815.jpg,14
data/015.Lazuli_Bunting/Lazuli_Bunting_0085_14627.jpg,14
data/015.Lazuli_Bunting/Lazuli_Bunting_0086_14992.jpg,14
data/015.Lazuli_Bunting/Lazuli_Bunting_0087_15096.jpg,14
data/015.Lazuli_Bunting/Lazuli_Bunting_0089_14598.jpg,14
data/015.Lazuli_Bunting/Lazuli_Bunting_0092_14656.jpg,14
data/015.Lazuli_Bunting/Lazuli_Bunting_0093_15030.jpg,14
data/015.Lazuli_Bunting/Lazuli_Bunting_0094_11894.jpg,14
data/015.Lazuli_Bunting/Lazuli_Bunting_0095_14919.jpg,14
data/015.Lazuli_Bunting/Lazuli_Bunting_0097_14617.jpg,14
data/015.Lazuli_Bunting/Lazuli_Bunting_0101_14873.jpg,14
data/015.Lazuli_Bunting/Lazuli_Bunting_0102_14605.jpg,14
data/015.Lazuli_Bunting/Lazuli_Bunting_0105_15017.jpg,14
data/015.Lazuli_Bunting/Lazuli_Bunting_0107_14705.jpg,14
